director_name,actor_1_name,actor_2_name,language,country,genres,movie_title,combined
 Ritesh Batra, Jim Broadbent,Charlotte Rampling,English,UK,Mystery drama,the sense of an ending, Ritesh Batra  Jim Broadbent Charlotte Rampling Mystery drama the sense of an ending
 John Jencks, Roger Allam,Rod Glenn,English,UK,Comedy,the hippopotamus, John Jencks  Roger Allam Rod Glenn Comedy the hippopotamus
 Charlie McDowell, Jason Segel,Rooney Mara,English,UK,Science-fiction romance,the discovery, Charlie McDowell  Jason Segel Rooney Mara Science-fiction romance the discovery
 Taylor Sheridan, Jeremy Renner,Elizabeth Olsen,English,UK,Neo-Western Murder mystery,wind river, Taylor Sheridan  Jeremy Renner Elizabeth Olsen Neo-Western Murder mystery wind river
 Danny Boyle, Ewan McGregor,Ewen Bremner,English,UK,Crime Comedy-drama,t2 trainspotting, Danny Boyle  Ewan McGregor Ewen Bremner Crime Comedy-drama t2 trainspotting
 Francis Lee, Josh O'Connor,Alec Secareanu,English,UK,Drama,god's own country, Francis Lee  Josh O'Connor Alec Secareanu Drama god's own country
 Adam Randall, Bill Milner,Maisie Williams,English,UK,Science-fiction Teen thriller,iboy, Adam Randall  Bill Milner Maisie Williams Science-fiction Teen thriller iboy
 Peter Mackie Burns, Emily Beecham,Geraldine James,English,UK,Drama,daphne, Peter Mackie Burns  Emily Beecham Geraldine James Drama daphne
unknown, P. David Ebersole,Todd Hughes,English,UK,Documentary,mansfield 66/67,unknown  P. David Ebersole Todd Hughes Documentary mansfield 66/67
 Grant McPhee, Patrick O'Brien,Mariel McAllan,English,UK,Psychedelic Vampire Horror,night kaleidoscope, Grant McPhee  Patrick O'Brien Mariel McAllan Psychedelic Vampire Horror night kaleidoscope
 Rafael Kapelinski, Theo Stevenson,Thomas Turgoose,English,UK,Drama,butterfly kisses, Rafael Kapelinski  Theo Stevenson Thomas Turgoose Drama butterfly kisses
unknown, Andrea Luka Zimmerman,unknown,English,UK,Documentary,erase and forget,unknown  Andrea Luka Zimmerman unknown Documentary erase and forget
 Stanley Tucci, Geoffrey Rush,Armie Hammer,English,UK,Drama,final portrait, Stanley Tucci  Geoffrey Rush Armie Hammer Drama final portrait
 Gurinder Chadha, Hugh Bonneville,Gillian Anderson,English,UK,Historical drama,viceroy's house, Gurinder Chadha  Hugh Bonneville Gillian Anderson Historical drama viceroy's house
 Sally Potter, Patricia Clarkson,Bruno Ganz,English,UK,Black comedy,the party, Sally Potter  Patricia Clarkson Bruno Ganz Black comedy the party
 George Mendeluk, Max Irons,Samantha Barks,English,UK,Drama War film Romance,bitter harvest, George Mendeluk  Max Irons Samantha Barks Drama War film Romance bitter harvest
 S. A. Halewood, Linus Roache,Lotte Verbeek,English,UK,Political thriller,division 19, S. A. Halewood  Linus Roache Lotte Verbeek Political thriller division 19
 Charles Garrad, Colin Morgan,Fanny Ardant,English,UK,Drama,waiting for you, Charles Garrad  Colin Morgan Fanny Ardant Drama waiting for you
 Robert Mullan, David Tennant,Elisabeth Moss,English,UK,Biographical drama,mad to be normal, Robert Mullan  David Tennant Elisabeth Moss Biographical drama mad to be normal
 Jonny Owen, Gareth Bale,Chris Coleman,English,UK,Documentary,don't take me home, Jonny Owen  Gareth Bale Chris Coleman Documentary don't take me home
 Kavi Raz, Satinder Sartaj,Amanda Root,English,UK,Historical drama,the black prince, Kavi Raz  Satinder Sartaj Amanda Root Historical drama the black prince
 Niki Caro, Jessica Chastain,Johan Heldenbergh,English,UK,War drama,the zookeeper's wife, Niki Caro  Jessica Chastain Johan Heldenbergh War drama the zookeeper's wife
 Roger Goldby, Joan Collins,Pauline Collins,English,UK,Road comedy,the time of their lives, Roger Goldby  Joan Collins Pauline Collins Road comedy the time of their lives
 Edgar Wright, Ansel Elgort,Kevin Spacey,English,UK,Musical Action Crime,baby driver, Edgar Wright  Ansel Elgort Kevin Spacey Musical Action Crime baby driver
 Christopher Menaul, Jenny Seagrove,Julian Kostov,English,UK,War drama,another mother's son, Christopher Menaul  Jenny Seagrove Julian Kostov War drama another mother's son
 Oz Arshad, Danny Ashok,Asmara Gabrielle,English,UK,Romantic comedy,finding fatimah, Oz Arshad  Danny Ashok Asmara Gabrielle Romantic comedy finding fatimah
 Michael Winterbottom, Steve Coogan,Rob Brydon,English,UK,Comedy,the trip to spain, Michael Winterbottom  Steve Coogan Rob Brydon Comedy the trip to spain
 Jonathan Teplitzky, Brian Cox,Miranda Richardson,English,UK,Historical war drama,churchill, Jonathan Teplitzky  Brian Cox Miranda Richardson Historical war drama churchill
 Michael Apted, Noomi Rapace,Orlando Bloom,English,UK,Thriller,unlocked, Michael Apted  Noomi Rapace Orlando Bloom Thriller unlocked
 Guy Ritchie, Charlie Hunnam,Àstrid Bergès-Frisbey,English,UK,Epic fantasy,king arthur: legend of the sword, Guy Ritchie  Charlie Hunnam Àstrid Bergès-Frisbey Epic fantasy king arthur: legend of the sword
 John Stephenson, Aneurin Barnard,James Purefoy,English,UK,Biographical-drama,interlude in prague, John Stephenson  Aneurin Barnard James Purefoy Biographical-drama interlude in prague
 Yorgos Lanthimos, Colin Farrell,Nicole Kidman,English,UK,Psychological horror,the killing of a sacred deer, Yorgos Lanthimos  Colin Farrell Nicole Kidman Psychological horror the killing of a sacred deer
 Thomas Q. Napper, Johnny Harris,Ray Winstone,English,UK,Drama,jawbone, Thomas Q. Napper  Johnny Harris Ray Winstone Drama jawbone
 Jean-Stéphane Sauvaire, Joe Cole,Vithaya Pansringar,English,UK,Biographical action,a prayer before dawn, Jean-Stéphane Sauvaire  Joe Cole Vithaya Pansringar Biographical action a prayer before dawn
 John Cameron Mitchell, Elle Fanning,Alex Sharp,English,UK,Science-fiction Romantic comedy,how to talk to girls at parties, John Cameron Mitchell  Elle Fanning Alex Sharp Science-fiction Romantic comedy how to talk to girls at parties
 Rungano Nyoni, Maggie Mulubwa,Nellie Munamonga,English,UK,Drama,i am not a witch, Rungano Nyoni  Maggie Mulubwa Nellie Munamonga Drama i am not a witch
 Lynne Ramsay, Joaquin Phoenix,Ekaterina Samsonov,English,UK,Thriller,you were never really here, Lynne Ramsay  Joaquin Phoenix Ekaterina Samsonov Thriller you were never really here
 Roger Michell, Rachel Weisz,Sam Claflin,English,UK,Romantic drama,my cousin rachel, Roger Michell  Rachel Weisz Sam Claflin Romantic drama my cousin rachel
 Ron Scalpello, Josh Helman,Chanel Cresswell,English,UK,Sports drama,my name is lenny, Ron Scalpello  Josh Helman Chanel Cresswell Sports drama my name is lenny
unknown, Kate McLarnon,Sky Neal,English,UK,Documentary,even when i fall,unknown  Kate McLarnon Sky Neal Documentary even when i fall
 Johannes Roberts, Claire Holt,Mandy Moore,English,UK,Survival horror,47 meters down, Johannes Roberts  Claire Holt Mandy Moore Survival horror 47 meters down
" Dorota Kobiela, Hugh Welchman", Robert Gulaczyk,Hugh Welchman Cast: Robert Gulaczyk,English,UK,Animated Biographical drama,loving vincent," Dorota Kobiela, Hugh Welchman  Robert Gulaczyk Hugh Welchman Cast: Robert Gulaczyk Animated Biographical drama loving vincent"
 Matt Mitchell, Laura Swift,Sally Phillips,English,UK,Horror,the rizen, Matt Mitchell  Laura Swift Sally Phillips Horror the rizen
 Danny Huston, Danny Houston,Sarita Choudhury,English,UK,Drama,the last photograph, Danny Huston  Danny Houston Sarita Choudhury Drama the last photograph
 Daniel Jerome Gill, Josh Whitehouse,Freya Mavor,English,UK,Romantic comedy,modern life is rubbish, Daniel Jerome Gill  Josh Whitehouse Freya Mavor Romantic comedy modern life is rubbish
 Eric Styles, John Hurt,Charles Dance,English,UK,Drama,that good night, Eric Styles  John Hurt Charles Dance Drama that good night
 Joel Hopkins, Diane Keaton,Brendan Gleeson,English,UK,Drama,hampstead, Joel Hopkins  Diane Keaton Brendan Gleeson Drama hampstead
 Andrew Kötting, Andrew Kotting,David Aylward,English,UK,Experimental documentary,edith walks, Andrew Kötting  Andrew Kotting David Aylward Experimental documentary edith walks
 Sarmad Masud, Suhaee Abro,Tanveer Hussain Syed,English,UK,Drama,my pure land, Sarmad Masud  Suhaee Abro Tanveer Hussain Syed Drama my pure land
 Justin Edgar, Frederick Schmidt,Ana Ularu,English,UK,Crime thriller,the marker, Justin Edgar  Frederick Schmidt Ana Ularu Crime thriller the marker
 Simon Hunter, Sheila Hancock,Kevin Guthrie,English,UK,Drama,edie, Simon Hunter  Sheila Hancock Kevin Guthrie Drama edie
 Conor McDermottroe, Sarah Bolger,Colm Meaney,English,UK,Comedy,halal daddy, Conor McDermottroe  Sarah Bolger Colm Meaney Comedy halal daddy
 Xavier Gens, Sophie Cookson,Brittany Ashworth,English,UK,Horror,the crucifixion, Xavier Gens  Sophie Cookson Brittany Ashworth Horror the crucifixion
 Mark Gill, Jack Lowden,Jessica Brown Findlay,English,UK,Biographical drama,england is mine, Mark Gill  Jack Lowden Jessica Brown Findlay Biographical drama england is mine
 Christopher Nolan, Fionn Whitehead,Harry Styles,English,UK,War Action thriller,dunkirk, Christopher Nolan  Fionn Whitehead Harry Styles War Action thriller dunkirk
 Stephen Burke, Tom Vaughan-Lawlor,Barry Ward,English,UK,Crime drama,maze, Stephen Burke  Tom Vaughan-Lawlor Barry Ward Crime drama maze
 Toa Fraser, Jamie Bell,Abbie Cornish,English,UK,Biographical action,6 days, Toa Fraser  Jamie Bell Abbie Cornish Biographical action 6 days
 Morgan Matthews, Frank Williams,unknown,English,UK,Documentary,williams, Morgan Matthews  Frank Williams unknown Documentary williams
 Holger Tappe, Emily Watson,Nick Frost,English,UK,Horror comedy,monster family, Holger Tappe  Emily Watson Nick Frost Horror comedy monster family
 Justin Chadwick, Alicia Vikander,Dane DeHaan,English,UK,Historical drama,tulip fever, Justin Chadwick  Alicia Vikander Dane DeHaan Historical drama tulip fever
 Deborah Haywood, Lily Newark,Joanna Scanlan,English,UK,Drama,pin cushion, Deborah Haywood  Lily Newark Joanna Scanlan Drama pin cushion
 Joe Wright, Gary Oldman,Kristin Scott Thomas,English,UK,Drama,darkest hour, Joe Wright  Gary Oldman Kristin Scott Thomas Drama darkest hour
 Paul McGuigan, Annette Bening,Jamie Bell,English,UK,Biographical romantic drama,film stars don't die in liverpool, Paul McGuigan  Annette Bening Jamie Bell Biographical romantic drama film stars don't die in liverpool
 Andrew Haigh, Charlie Plummer,Chloë Sevigny,English,UK,Drama,lean on pete, Andrew Haigh  Charlie Plummer Chloë Sevigny Drama lean on pete
 Simon West, Dominic Cooper,Gemma Chan,English,UK,Action thriller,stratton, Simon West  Dominic Cooper Gemma Chan Action thriller stratton
" Jonathan Dayton, Valerie Faris", Emma Stone,Valerie Faris Cast: Emma Stone,English,UK,Biographical Comedy-drama,battle of the sexes," Jonathan Dayton, Valerie Faris  Emma Stone Valerie Faris Cast: Emma Stone Biographical Comedy-drama battle of the sexes"
 Stephen Frears, Judi Dench,Ali Fazal,English,UK,Biographical comedy-drama,victoria & abdul, Stephen Frears  Judi Dench Ali Fazal Biographical comedy-drama victoria & abdul
 Martin McDonagh, Frances McDormand,Woody Harrelson,English,UK,Drama,"three billboards outside ebbing, missouri"," Martin McDonagh  Frances McDormand Woody Harrelson Drama three billboards outside ebbing, missouri"
 David Batty, Michael Caine,David Bailey,English,UK,Documentary,my generation, David Batty  Michael Caine David Bailey Documentary my generation
 Clio Barnard, Ruth Wilson,Mark Stanley,English,UK,Drama,dark river, Clio Barnard  Ruth Wilson Mark Stanley Drama dark river
 Bornila Chatterjee, Naseeruddin Shah,Tisca Chopra,English,UK,Drama,the hungry, Bornila Chatterjee  Naseeruddin Shah Tisca Chopra Drama the hungry
 Dominic Cooke, Saoirse Ronan,Billy Howle,English,UK,Drama,on chesil beach, Dominic Cooke  Saoirse Ronan Billy Howle Drama on chesil beach
 Daniel Kokotajlo, Siobhan Finneran,Robert Emms,English,UK,Drama,apostasy, Daniel Kokotajlo  Siobhan Finneran Robert Emms Drama apostasy
 Armando Iannucci, Steve Buscemi,Simon Russell Beale,English,UK,Political satire,the death of stalin, Armando Iannucci  Steve Buscemi Simon Russell Beale Political satire the death of stalin
 Dominic Savage, Gemma Arterton,Dominic Cooper,English,UK,Drama,the escape, Dominic Savage  Gemma Arterton Dominic Cooper Drama the escape
 Simon West, Antonio Banderas,Olga Kurylenko,English,UK,Action-Comedy,gun shy, Simon West  Antonio Banderas Olga Kurylenko Action-Comedy gun shy
 Saul Dibb, Sam Claflin,Asa Butterfield,English,UK,War,journey's end, Saul Dibb  Sam Claflin Asa Butterfield War journey's end
 Tali Shalom Ezer, Kate Mara,Ellen Page,English,UK,Romantic drama,my days of mercy, Tali Shalom Ezer  Kate Mara Ellen Page Romantic drama my days of mercy
 David Bruckner, Rafe Spall,Arsher Ali,English,UK,Horror,the ritual, David Bruckner  Rafe Spall Arsher Ali Horror the ritual
 Michael Pearce, Jessie Buckley,Johnny Flynn,English,UK,Psychological thriller,beast, Michael Pearce  Jessie Buckley Johnny Flynn Psychological thriller beast
 Richard Eyre, Emma Thompson,Stanley Tucci,English,UK,Drama,the children act, Richard Eyre  Emma Thompson Stanley Tucci Drama the children act
 Anders Walter, Madison Wolfe,Imogen Poots,English,UK,Fantasy thriller,i kill giants, Anders Walter  Madison Wolfe Imogen Poots Fantasy thriller i kill giants
 Haifaa al-Mansour, Elle Fanning,Douglas Booth,English,UK,Romantic,mary shelley, Haifaa al-Mansour  Elle Fanning Douglas Booth Romantic mary shelley
 Sebastián Lelio, Rachel Weisz,Rachel McAdams,English,UK,Drama,disobedience, Sebastián Lelio  Rachel Weisz Rachel McAdams Drama disobedience
 Susanna White, Jessica Chastain,Michael Greyeyes,English,UK,Biographical drama,woman walks ahead, Susanna White  Jessica Chastain Michael Greyeyes Biographical drama woman walks ahead
 Andy Serkis, Andrew Garfield,Claire Foy,English,UK,Biographical drama,breathe, Andy Serkis  Andrew Garfield Claire Foy Biographical drama breathe
 Björn Runge, Glenn Close,Jonathan Pryce,English,UK,Drama,the wife, Björn Runge  Glenn Close Jonathan Pryce Drama the wife
 Simon Rumley, Justin Salinger,Amy Loughton,English,UK,Drama,crowhurst, Simon Rumley  Justin Salinger Amy Loughton Drama crowhurst
 Matthew Vaughn, Colin Firth,Julianne Moore,English,UK,Spy comedy,kingsman: the golden circle, Matthew Vaughn  Colin Firth Julianne Moore Spy comedy kingsman: the golden circle
 Simon Curtis, Domhnall Gleeson,Margot Robbie,English,UK,Biographical drama,goodbye christopher robin, Simon Curtis  Domhnall Gleeson Margot Robbie Biographical drama goodbye christopher robin
 John McPhail, Ella Hunt,Malcolm Cumming,English,UK,Christmas Horror-musical,anna and the apocalypse, John McPhail  Ella Hunt Malcolm Cumming Christmas Horror-musical anna and the apocalypse
 Jack Eve, Alice Eve,Hermione Corfield,English,UK,Dark comedy Mystery Drama,bees make honey, Jack Eve  Alice Eve Hermione Corfield Dark comedy Mystery Drama bees make honey
 Martin Campbell, Jackie Chan,Pierce Brosnan,English,UK,Action thriller,the foreigner, Martin Campbell  Jackie Chan Pierce Brosnan Action thriller the foreigner
" Andy Nyman, Jeremy Dyson", Andy Nyman,Jeremy Dyson Cast: Andy Nyman,English,UK,Horror,ghost stories," Andy Nyman, Jeremy Dyson  Andy Nyman Jeremy Dyson Cast: Andy Nyman Horror ghost stories"
 Mikko Mäkelä, Janne Puustinen,Boodi Kabbani,English,UK,Romantic drama,a moment in the reeds, Mikko Mäkelä  Janne Puustinen Boodi Kabbani Romantic drama a moment in the reeds
unknown, Lucy Cohen,unknown,English,UK,Documentary,kingdom of us,unknown  Lucy Cohen unknown Documentary kingdom of us
 Tomas Alfredson, Michael Fassbender,Rebecca Ferguson,English,UK,Crime thriller,the snowman, Tomas Alfredson  Michael Fassbender Rebecca Ferguson Crime thriller the snowman
 Adrian Shergold, Maxine Peake,Stephen Graham,English,UK,Comedy-drama,funny cow, Adrian Shergold  Maxine Peake Stephen Graham Comedy-drama funny cow
 Paddy Considine, Paddy Considine,Jodie Whittaker,English,UK,Drama,journeyman, Paddy Considine  Paddy Considine Jodie Whittaker Drama journeyman
 Roland Joffé, Forest Whitaker,Eric Bana,English,UK,Drama,the forgiven, Roland Joffé  Forest Whitaker Eric Bana Drama the forgiven
 Colin McIvor, Art Parkinson,Penelope Wilton,English,UK,Historical drama War,zoo, Colin McIvor  Art Parkinson Penelope Wilton Historical drama War zoo
 Isabel Coixet, Emily Mortimer,Patricia Clarkson,English,UK,Drama,the bookshop, Isabel Coixet  Emily Mortimer Patricia Clarkson Drama the bookshop
 Gilles Paquet-Brenner, Glenn Close,Terence Stamp,English,UK,Mystery,crooked house, Gilles Paquet-Brenner  Glenn Close Terence Stamp Mystery crooked house
 Kenneth Branagh, Kenneth Branagh,Daisy Ridley,English,UK,Mystery drama,murder on the orient express, Kenneth Branagh  Kenneth Branagh Daisy Ridley Mystery drama murder on the orient express
 Paul King, Ben Whishaw,Hugh Bonneville,English,UK,Live-action animated comedy,paddington 2, Paul King  Ben Whishaw Hugh Bonneville Live-action animated comedy paddington 2
 Finlay Pretsell, David Millar,unknown,English,UK,Documentary,time trial, Finlay Pretsell  David Millar unknown Documentary time trial
 Richard Loncraine, Imelda Staunton,Timothy Spall,English,UK,Romantic Comedy-drama,finding your feet, Richard Loncraine  Imelda Staunton Timothy Spall Romantic Comedy-drama finding your feet
 James Marsh, Colin Firth,Rachel Weisz,English,UK,Drama,the mercy, James Marsh  Colin Firth Rachel Weisz Drama the mercy
 Daisy Aitkens, David Tennant,Lucy Punch,English,UK,Comedy,"you, me and him"," Daisy Aitkens  David Tennant Lucy Punch Comedy you, me and him"
 Ridley Scott, Michelle Williams,Christopher Plummer,English,UK,Crime thriller,all the money in the world, Ridley Scott  Michelle Williams Christopher Plummer Crime thriller all the money in the world
 Jaume Collet-Serra, Liam Neeson,Vera Farmiga,English,UK,Action Thriller,the commuter, Jaume Collet-Serra  Liam Neeson Vera Farmiga Action Thriller the commuter
 Bart Layton, Evan Peters,Barry Keoghan,English,UK,Drama Crime Documentary,american animals, Bart Layton  Evan Peters Barry Keoghan Drama Crime Documentary american animals
 Tim Wardle, Edward Galland,David Kellman,English,UK,Documentary,three identical strangers, Tim Wardle  Edward Galland David Kellman Documentary three identical strangers
 Wash Westmoreland, Keira Knightley,Dominic West,English,UK,Drama History,colette, Wash Westmoreland  Keira Knightley Dominic West Drama History colette
 Nick Park, Eddie Redmayne,Tom Hiddleston,English,UK,Family Comedy Animation Adventure,early man, Nick Park  Eddie Redmayne Tom Hiddleston Family Comedy Animation Adventure early man
 Jim Hosking, Aubrey Plaza,Emile Hirsch,English,UK,Comedy Crime,an evening with beverly luff linn, Jim Hosking  Aubrey Plaza Emile Hirsch Comedy Crime an evening with beverly luff linn
 Idris Elba, Aml Ameen,Stephen Graham,English,UK,Crime,yardie, Idris Elba  Aml Ameen Stephen Graham Crime yardie
 Rupert Everett, Rupert Everett,Colin Firth,English,UK,Drama,the happy prince, Rupert Everett  Rupert Everett Colin Firth Drama the happy prince
 Stephen Loveridge, M.I.A.,unknown,English,UK,Music Documentary,matangi/maya/m.i.a., Stephen Loveridge  M.I.A. unknown Music Documentary matangi/maya/m.i.a.
 Desiree Akhavan, Chloë Grace Moretz,Sasha Lane,English,UK,Drama,the miseducation of cameron post, Desiree Akhavan  Chloë Grace Moretz Sasha Lane Drama the miseducation of cameron post
 Claire McCarthy, Daisy Ridley,Naomi Watts,English,UK,Romance History,ophelia, Claire McCarthy  Daisy Ridley Naomi Watts Romance History ophelia
 Jonas Åkerlund, Rory Culkin,Emory Cohen,English,UK,Drama Music Horror Thriller,lords of chaos, Jonas Åkerlund  Rory Culkin Emory Cohen Drama Music Horror Thriller lords of chaos
" Ewa Banaszkiewicz, Mateusz Dymek", Aneta Piotrowska,Mateusz Dymek Cast: Aneta Piotrowska,English,UK,Drama,my friend the polish girl," Ewa Banaszkiewicz, Mateusz Dymek  Aneta Piotrowska Mateusz Dymek Cast: Aneta Piotrowska Drama my friend the polish girl"
 Jesse V. Johnson, Scott Adkins,Ashley Greene,English,UK,Action Crime Thriller,accident man, Jesse V. Johnson  Scott Adkins Ashley Greene Action Crime Thriller accident man
 Dom Lenoir, Matt Hookings,Michael McKell,English,UK,Thriller,winter ridge, Dom Lenoir  Matt Hookings Michael McKell Thriller winter ridge
 Timur Bekmambetov, Valene Kane,Shazad Latif,English,UK,Mystery Thriller,profile, Timur Bekmambetov  Valene Kane Shazad Latif Mystery Thriller profile
 Axel Petersén and Måns Månsson, Léonore Ekstrand,Christer Levin,English,UK,Drama Thriller TV Movie,the real estate, Axel Petersén and Måns Månsson  Léonore Ekstrand Christer Levin Drama Thriller TV Movie the real estate
 José Padilha, Rosamund Pike,Daniel Brühl,English,UK,,entebbe (a.k.a. 7 days in entebbe),
 Alex Garland, Natalie Portman,Jennifer Jason Leigh,English,UK,Science Fiction Horror,annihilation, Alex Garland  Natalie Portman Jennifer Jason Leigh Science Fiction Horror annihilation
 Duncan Jones, Alexander Skarsgård,Paul Rudd,English,UK,Science Fiction Mystery Thriller,mute, Duncan Jones  Alexander Skarsgård Paul Rudd Science Fiction Mystery Thriller mute
 Karen Gillan, Karen Gillan,Lee Pace,English,UK,Drama Comedy,the party's just beginning, Karen Gillan  Karen Gillan Lee Pace Drama Comedy the party's just beginning
 Garth Davis, Rooney Mara,Joaquin Phoenix,English,UK,Drama History,mary magdalene, Garth Davis  Rooney Mara Joaquin Phoenix Drama History mary magdalene
 Andrés Couturier, Toby Kebbell,Lily Collins,English,UK,,a wizard's tale (a.k.a. here comes the grump),
 Roar Uthaug, Alicia Vikander,Dominic West,English,UK,Action Adventure Fantasy,tomb raider, Roar Uthaug  Alicia Vikander Dominic West Action Adventure Fantasy tomb raider
unknown, Felipe Bustos Sierra,unknown,English,UK,Documentary,nae pasaran,unknown  Felipe Bustos Sierra unknown Documentary nae pasaran
" Scott Elliott, Sid Sadowskyj", Tom Blyth,Sid Sadowskyj Cast: Tom Blyth,English,UK,Drama,scott and sid," Scott Elliott, Sid Sadowskyj  Tom Blyth Sid Sadowskyj Cast: Tom Blyth Drama scott and sid"
 Dan Cadan, Stephen Graham,Jason Flemyng,English,UK,Comedy,walk like a panther, Dan Cadan  Stephen Graham Jason Flemyng Comedy walk like a panther
 John Stevenson, James McAvoy,Emily Blunt,English,UK,Animation Family Fantasy Comedy Adventure Mystery,sherlock gnomes, John Stevenson  James McAvoy Emily Blunt Animation Family Fantasy Comedy Adventure Mystery sherlock gnomes
 Steve McLean, Harris Dickinson,Ben Cura,English,UK,Drama,postcards from london, Steve McLean  Harris Dickinson Ben Cura Drama postcards from london
 Paul Raschid, Shauna Macdonald,Oded Fehr,English,UK,Science Fiction,white chamber, Paul Raschid  Shauna Macdonald Oded Fehr Science Fiction white chamber
 Jack Spring, David J. Keogh,Matt Sheahan,English,UK,Comedy,destination: dewsbury, Jack Spring  David J. Keogh Matt Sheahan Comedy destination: dewsbury
 Mike Newell, Lily James,Michiel Huisman,English,UK,Romance Drama History,the guernsey literary and potato peel pie society, Mike Newell  Lily James Michiel Huisman Romance Drama History the guernsey literary and potato peel pie society
 Suzi Ewing, Kelly Reilly,Luke Evans,English,UK,Music,10x10, Suzi Ewing  Kelly Reilly Luke Evans Music 10x10
unknown, Zara Balfour,Marcus Stephenson,English,UK,Documentary,children of the snow land,unknown  Zara Balfour Marcus Stephenson Documentary children of the snow land
 Andy Tohill and Ryan Tohill, Moe Dunford,Francis Magee,English,UK,Drama History,the dig, Andy Tohill and Ryan Tohill  Moe Dunford Francis Magee Drama History the dig
unknown, Ian Bonhôte and Peter Ettedgui,unknown,English,UK,Documentary,mcqueen,unknown  Ian Bonhôte and Peter Ettedgui unknown Documentary mcqueen
" Layke Anderson, Natalia Casali, Nick Cohen, Mitchell Crawford, Andreas Heger-Bratterud, Ben Jacobson, Rosanna Lowe, Gaelle Mourre, Kaki Wong", Juliet Stevenson,Natalia Casali,English,UK,Drama,london unplugged," Layke Anderson, Natalia Casali, Nick Cohen, Mitchell Crawford, Andreas Heger-Bratterud, Ben Jacobson, Rosanna Lowe, Gaelle Mourre, Kaki Wong  Juliet Stevenson Natalia Casali Drama london unplugged"
 Roger Michell, Eileen Atkins,Judi Dench,English,UK,,nothing like a dame (a.k.a. tea with the dames),
 Andrew Niccol, Clive Owen,Amanda Seyfried,English,UK,Science Fiction,anon, Andrew Niccol  Clive Owen Amanda Seyfried Science Fiction anon
 James Oakley, Uma Thurman,Tim Roth,English,UK,Comedy,the con is on, James Oakley  Uma Thurman Tim Roth Comedy the con is on
 Paweł Pawlikowski, Tomasz Kot,Joanna Kulig,English,UK,Comedy Romance,cold war, Paweł Pawlikowski  Tomasz Kot Joanna Kulig Comedy Romance cold war
 Piotr Szkopiak, Alex Pettyfer,Robert Więckiewicz,English,UK,History Thriller,the last witness, Piotr Szkopiak  Alex Pettyfer Robert Więckiewicz History Thriller the last witness
 Vaughn Stein, Margot Robbie,Simon Pegg,English,UK,Comedy Drama,terminal, Vaughn Stein  Margot Robbie Simon Pegg Comedy Drama terminal
unknown, Kevin Macdonald,unknown,English,UK,Music Documentary,whitney,unknown  Kevin Macdonald unknown Music Documentary whitney
 Terry Gilliam, Adam Driver,Jonathan Pryce,English,UK,Adventure Comedy Drama Fantasy,the man who killed don quixote, Terry Gilliam  Adam Driver Jonathan Pryce Adventure Comedy Drama Fantasy the man who killed don quixote
 Anthony Byrne, Amrita Acharia,Jack Ashton,English,UK,Thriller,welcome to curiosity, Anthony Byrne  Amrita Acharia Jack Ashton Thriller welcome to curiosity
 Anthony Byrne, Natalie Dormer,Emily Ratajkowski,English,UK,Thriller Mystery,in darkness, Anthony Byrne  Natalie Dormer Emily Ratajkowski Thriller Mystery in darkness
 Oliver Parker, Rob Brydon,Jane Horrocks,English,UK,Comedy Drama,swimming with men, Oliver Parker  Rob Brydon Jane Horrocks Comedy Drama swimming with men
 Drew Pearce, Jodie Foster,Sterling K. Brown,English,UK,Thriller Science Fiction Action,hotel artemis, Drew Pearce  Jodie Foster Sterling K. Brown Thriller Science Fiction Action hotel artemis
 Mike Mort, Mike Mort,Jennifer Saunders,English,UK,Animation Action Comedy Horror,chuck steel: night of the trampires, Mike Mort  Mike Mort Jennifer Saunders Animation Action Comedy Horror chuck steel: night of the trampires
 Jason Wingard, Antonio Aakeel,Jack Carroll,English,UK,Comedy Drama,eaten by lions, Jason Wingard  Antonio Aakeel Jack Carroll Comedy Drama eaten by lions
 Matt Palmer, Jack Lowden,Martin McCann,English,UK,Horror Thriller,calibre, Matt Palmer  Jack Lowden Martin McCann Horror Thriller calibre
unknown, David Wilkinson,unknown,English,UK,Documentary,postcards from the 48%,unknown  David Wilkinson unknown Documentary postcards from the 48%
 Matthew Holness, Sean Harris,Alun Armstrong,English,UK,Drama Horror Thriller,possum, Matthew Holness  Sean Harris Alun Armstrong Drama Horror Thriller possum
 Tom Edmunds, Tom Wilkinson,Aneurin Barnard,English,UK,Comedy Action Drama,dead in a week or your money back, Tom Edmunds  Tom Wilkinson Aneurin Barnard Comedy Action Drama dead in a week or your money back
 Mandie Fletcher, Beattie Edmondson,Ed Skrein,English,UK,Family Comedy,patrick, Mandie Fletcher  Beattie Edmondson Ed Skrein Family Comedy patrick
 Jamie Adams, Cobie Smulders,Richard Elis,English,UK,,alright now (a.k.a. songbird),
unknown,Christine Baranski,Pierce Brosnan,English,UK,Comedy Romance,mamma mia! here we go again,unknown Christine Baranski Pierce Brosnan Comedy Romance mamma mia! here we go again
 Richard Billingham, Michelle Bonnard,Deirdre Kelly,English,UK,Drama,ray & liz, Richard Billingham  Michelle Bonnard Deirdre Kelly Drama ray & liz
 David Blair, Iwan Rheon,Milo Gibson,English,UK,,hurricane (a.k.a. mission of honor),
 Iain Morris, Joe Thomas,Hammed Animashaun,English,UK,Comedy Music,the festival, Iain Morris  Joe Thomas Hammed Animashaun Comedy Music the festival
 Stefan Ruzowitzky, Matt Smith,Natalie Dormer,English,UK,Horror Thriller Action Drama,patient zero, Stefan Ruzowitzky  Matt Smith Natalie Dormer Horror Thriller Action Drama patient zero
 Hadi Hajaig, Sam Rockwell,Ben Schwartz,English,UK,Thriller Romance Comedy Action,blue iguana, Hadi Hajaig  Sam Rockwell Ben Schwartz Thriller Romance Comedy Action blue iguana
 Paul Hyett, Michael Ironside,Rosie Day,English,UK,,the convent (a.k.a. heretiks),
 Julien Landais, Jonathan Rhys-Meyers,Joely Richardson,English,UK,Drama,the aspern papers, Julien Landais  Jonathan Rhys-Meyers Joely Richardson Drama the aspern papers
 Yorgos Lanthimos, Olivia Colman,Rachel Weisz,English,UK,History Drama Comedy,the favourite, Yorgos Lanthimos  Olivia Colman Rachel Weisz History Drama Comedy the favourite
 Lenny Abrahamson, Domhnall Gleeson,Ruth Wilson,English,UK,Mystery Drama Horror History,the little stranger, Lenny Abrahamson  Domhnall Gleeson Ruth Wilson Mystery Drama Horror History the little stranger
 Ralph Fiennes, Oleg Ivanko,Adèle Exarchopoulos,English,UK,Drama,the white crow, Ralph Fiennes  Oleg Ivanko Adèle Exarchopoulos Drama the white crow
 Mike Leigh, David Bamber,Alastair Mackenzie,English,UK,History Drama,peterloo, Mike Leigh  David Bamber Alastair Mackenzie History Drama peterloo
unknown, Errol Morris,unknown,English,UK,Documentary,american dharma,unknown  Errol Morris unknown Documentary american dharma
 Julian Schnabel, Willem Dafoe,Rupert Friend,English,UK,Drama,at eternity's gate, Julian Schnabel  Willem Dafoe Rupert Friend Drama at eternity's gate
unknown, Alex Holmes,unknown,English,UK,Comedy Crime,maiden,unknown  Alex Holmes unknown Comedy Crime maiden
 David Mackenzie, Chris Pine,Aaron Taylor-Johnson,English,UK,Action History Drama War,outlaw king, David Mackenzie  Chris Pine Aaron Taylor-Johnson Action History Drama War outlaw king
 Scott Mann, Dave Bautista,Pierce Brosnan,English,UK,Action,final score, Scott Mann  Dave Bautista Pierce Brosnan Action final score
 William McGregor, Eleanor Worthington Cox,Maxine Peake,English,UK,Drama Mystery Horror History,gwen, William McGregor  Eleanor Worthington Cox Maxine Peake Drama Mystery Horror History gwen
 Carol Morley, Patricia Clarkson,Toby Jones,English,UK,Drama Crime Mystery,out of blue, Carol Morley  Patricia Clarkson Toby Jones Drama Crime Mystery out of blue
 Trevor Nunn, Judi Dench,Sophie Cookson,English,UK,Thriller History,red joan, Trevor Nunn  Judi Dench Sophie Cookson Thriller History red joan
 Chee Keong Cheung, Katarina Waters,Mark Strange,English,UK,Action Horror Science Fiction,redcon-1, Chee Keong Cheung  Katarina Waters Mark Strange Action Horror Science Fiction redcon-1
 Max Minghella, Elle Fanning,Rebecca Hall,English,UK,Music Drama,teen spirit, Max Minghella  Elle Fanning Rebecca Hall Music Drama teen spirit
 Nick Hamm, Lee Pace,Judy Greer,English,UK,Action,driven, Nick Hamm  Lee Pace Judy Greer Action driven
 Adewale Akinnuoye-Agbaje, Damson Idris,Kate Beckinsale,English,UK,Drama,farming, Adewale Akinnuoye-Agbaje  Damson Idris Kate Beckinsale Drama farming
unknown, Naziha Arebi,unknown,English,UK,Documentary,freedom fields,unknown  Naziha Arebi unknown Documentary freedom fields
 Michael Winterbottom, Dev Patel,Radhika Apte,English,UK,Thriller,the wedding guest, Michael Winterbottom  Dev Patel Radhika Apte Thriller the wedding guest
 Steve McQueen, Viola Davis,Cynthia Erivo,English,UK,Crime Thriller,widows, Steve McQueen  Viola Davis Cynthia Erivo Crime Thriller widows
 Jake Scott, Sienna Miller,Christina Hendricks,English,UK,Drama,american woman, Jake Scott  Sienna Miller Christina Hendricks Drama american woman
 Claire Denis, Robert Pattinson,Mia Goth,English,UK,Science Fiction Drama Mystery Thriller,high life, Claire Denis  Robert Pattinson Mia Goth Science Fiction Drama Mystery Thriller high life
 Annabel Jankel, Anna Paquin,Holliday Grainger,English,UK,Romance Drama,tell it to the bees, Annabel Jankel  Anna Paquin Holliday Grainger Romance Drama tell it to the bees
 Amma Asante, Amandla Stenberg,George MacKay,English,UK,War Drama Romance,where hands touch, Amma Asante  Amandla Stenberg George MacKay War Drama Romance where hands touch
 Xavier Dolan, Kit Harington,Natalie Portman,English,UK,Drama,the death & life of john f. donovan, Xavier Dolan  Kit Harington Natalie Portman Drama the death & life of john f. donovan
 Justin Kelly, Laura Dern,Kristen Stewart,English,UK,Drama History,jt leroy, Justin Kelly  Laura Dern Kristen Stewart Drama History jt leroy
 Chanya Button, Gemma Arterton,Elizabeth Debicki,English,UK,Drama Romance,vita and virginia, Chanya Button  Gemma Arterton Elizabeth Debicki Drama Romance vita and virginia
 Peter Strickland, Marianne Jean-Baptiste,Hayley Squires,English,UK,Horror Fantasy Comedy,in fabric, Peter Strickland  Marianne Jean-Baptiste Hayley Squires Horror Fantasy Comedy in fabric
 David Kerr, Rowan Atkinson,Olga Kurylenko,English,UK,Action Adventure Comedy,johnny english strikes again, David Kerr  Rowan Atkinson Olga Kurylenko Action Adventure Comedy johnny english strikes again
 James Marsh, Michael Caine,Charlie Cox,English,UK,Adventure Animation Family,king of thieves, James Marsh  Michael Caine Charlie Cox Adventure Animation Family king of thieves
 Mathew Cullen, Billy Bob Thornton,Amber Heard,English,UK,Crime Thriller,london fields, Mathew Cullen  Billy Bob Thornton Amber Heard Crime Thriller london fields
 Gareth Evans, Dan Stevens,Lucy Boynton,English,UK,Drama History,apostle, Gareth Evans  Dan Stevens Lucy Boynton Drama History apostle
" Joe Pearlman, David Soutar", Matt Goss,David Soutar Cast: Matt Goss,English,UK,Documentary Music,bros: after the screaming stops," Joe Pearlman, David Soutar  Matt Goss David Soutar Cast: Matt Goss Documentary Music bros: after the screaming stops"
 Marcus H. Rosenmüller, David Kross,Freya Mavor,English,UK,Action Thriller,the keeper, Marcus H. Rosenmüller  David Kross Freya Mavor Action Thriller the keeper
 Olaf de Fleur Johannesson, Florence Pugh,Celia Imrie,English,UK,Horror,malevolent, Olaf de Fleur Johannesson  Florence Pugh Celia Imrie Horror malevolent
 Chris Green, Elaine Cassidy,Michelle Keegan,English,UK,Comedy Crime,strangeways here we come, Chris Green  Elaine Cassidy Michelle Keegan Comedy Crime strangeways here we come
unknown,,unknown,English,UK,Drama,evelyn,unknown  unknown Drama evelyn
 Ben Wheatley, Neil Maskell,Joe Cole,English,UK,Comedy Drama,"happy new year, colin burstead"," Ben Wheatley  Neil Maskell Joe Cole Comedy Drama happy new year, colin burstead"
 Kristoffer Nyholm, Gerard Butler,Peter Mullan,English,UK,,keepers (a.k.a. the vanishing),
 Tinge Krishnan, Michaela Coel,Arinzé Kene,English,UK,Drama Music Romance,been so long, Tinge Krishnan  Michaela Coel Arinzé Kene Drama Music Romance been so long
 Carl Hunter, Bill Nighy,Sam Riley,English,UK,Drama Comedy,sometimes always never, Carl Hunter  Bill Nighy Sam Riley Drama Comedy sometimes always never
 Barnaby Southcombe, Jessica Barden,Jordan Bolger,English,UK,Romance Drama,scarborough, Barnaby Southcombe  Jessica Barden Jordan Bolger Romance Drama scarborough
unknown, Peter Jackson,unknown,English,UK,Documentary History War,they shall not grow old,unknown  Peter Jackson unknown Documentary History War they shall not grow old
 Jessica Hynes, Jessica Hynes,Russell Brand,English,UK,Documentary,the fight, Jessica Hynes  Jessica Hynes Russell Brand Documentary the fight
 Simon Amstell, Colin Morgan,Anna Chancellor,English,UK,Drama Fantasy Romance,benjamin, Simon Amstell  Colin Morgan Anna Chancellor Drama Fantasy Romance benjamin
 Harry Wootliff, Laia Costa,Josh O'Connor,English,UK,Romance Comedy,only you, Harry Wootliff  Laia Costa Josh O'Connor Romance Comedy only you
 Martha Pinson, Sebastian Street,Stuart Brennan,English,UK,Action Science Fiction Adventure,tomorrow, Martha Pinson  Sebastian Street Stuart Brennan Action Science Fiction Adventure tomorrow
 Jon S. Baird, Steve Coogan,John C. Reilly,English,UK,Comedy Drama,stan & ollie, Jon S. Baird  Steve Coogan John C. Reilly Comedy Drama stan & ollie
" Bryan Singer, Dexter Fletcher", Rami Malek,Dexter Fletcher Cast: Rami Malek,English,UK,Music Drama History,bohemian rhapsody," Bryan Singer, Dexter Fletcher  Rami Malek Dexter Fletcher Cast: Rami Malek Music Drama History bohemian rhapsody"
 Fede Álvarez, Claire Foy,Sverrir Gudnason,English,UK,Action Crime Thriller Drama,the girl in the spider's web, Fede Álvarez  Claire Foy Sverrir Gudnason Action Crime Thriller Drama the girl in the spider's web
 Crispian Mills, Simon Pegg,Asa Butterfield,English,UK,Action Comedy Fantasy Horror,slaughterhouse rulez, Crispian Mills  Simon Pegg Asa Butterfield Action Comedy Fantasy Horror slaughterhouse rulez
 Erwan Marinopoulos, Eugene Simon,Simone Ashley,English,UK,Comedy Crime Thriller,kill ben lyk, Erwan Marinopoulos  Eugene Simon Simone Ashley Comedy Crime Thriller kill ben lyk
 David Yates, Eddie Redmayne,Katherine Waterston,English,UK,Adventure Fantasy Drama,fantastic beasts: the crimes of grindelwald, David Yates  Eddie Redmayne Katherine Waterston Adventure Fantasy Drama fantastic beasts: the crimes of grindelwald
unknown, Mat Whitecross,unknown,English,UK,Documentary Music,coldplay: a head full of dreams,unknown  Mat Whitecross unknown Documentary Music coldplay: a head full of dreams
 Bill Buckhurst, Tom Varey,Esme Creed-Miles,English,UK,Drama,pond life, Bill Buckhurst  Tom Varey Esme Creed-Miles Drama pond life
 Josie Rourke, Saoirse Ronan,Margot Robbie,English,UK,Drama History,mary queen of scots, Josie Rourke  Saoirse Ronan Margot Robbie Drama History mary queen of scots
 Debbie Isitt, Simon Lipkin,Celia Imrie,English,UK,Family Comedy,nativity rocks!, Debbie Isitt  Simon Lipkin Celia Imrie Family Comedy nativity rocks!
 Andy Serkis, Rohan Chand,Matthew Rhys,English,UK,Adventure Drama,mowgli: legend of the jungle, Andy Serkis  Rohan Chand Matthew Rhys Adventure Drama mowgli: legend of the jungle
 Kenneth Branagh, Kenneth Branagh,Judi Dench,English,UK,Drama History,all is true, Kenneth Branagh  Kenneth Branagh Judi Dench Drama History all is true
 Jaume Collet-Serra, Liam Neeson,Vera Farmiga,English,UK,Action Thriller,the commuter, Jaume Collet-Serra  Liam Neeson Vera Farmiga Action Thriller the commuter
 Bart Layton, Evan Peters,Barry Keoghan,English,UK,Drama Crime Documentary,american animals, Bart Layton  Evan Peters Barry Keoghan Drama Crime Documentary american animals
 Tim Wardle, Edward Galland,David Kellman,English,UK,Documentary,three identical strangers, Tim Wardle  Edward Galland David Kellman Documentary three identical strangers
 Wash Westmoreland, Keira Knightley,Dominic West,English,UK,Drama History,colette, Wash Westmoreland  Keira Knightley Dominic West Drama History colette
 Nick Park, Eddie Redmayne,Tom Hiddleston,English,UK,Family Comedy Animation Adventure,early man, Nick Park  Eddie Redmayne Tom Hiddleston Family Comedy Animation Adventure early man
 Jim Hosking, Aubrey Plaza,Emile Hirsch,English,UK,Comedy Crime,an evening with beverly luff linn, Jim Hosking  Aubrey Plaza Emile Hirsch Comedy Crime an evening with beverly luff linn
 Idris Elba, Aml Ameen,Stephen Graham,English,UK,Crime,yardie, Idris Elba  Aml Ameen Stephen Graham Crime yardie
 Rupert Everett, Rupert Everett,Colin Firth,English,UK,Drama,the happy prince, Rupert Everett  Rupert Everett Colin Firth Drama the happy prince
 Stephen Loveridge, M.I.A.,unknown,English,UK,Music Documentary,matangi/maya/m.i.a., Stephen Loveridge  M.I.A. unknown Music Documentary matangi/maya/m.i.a.
 Desiree Akhavan, Chloë Grace Moretz,Sasha Lane,English,UK,Drama,the miseducation of cameron post, Desiree Akhavan  Chloë Grace Moretz Sasha Lane Drama the miseducation of cameron post
 Claire McCarthy, Daisy Ridley,Naomi Watts,English,UK,Romance History,ophelia, Claire McCarthy  Daisy Ridley Naomi Watts Romance History ophelia
 Jonas Åkerlund, Rory Culkin,Emory Cohen,English,UK,Drama Music Horror Thriller,lords of chaos, Jonas Åkerlund  Rory Culkin Emory Cohen Drama Music Horror Thriller lords of chaos
" Ewa Banaszkiewicz, Mateusz Dymek", Aneta Piotrowska,Mateusz Dymek Cast: Aneta Piotrowska,English,UK,Drama,my friend the polish girl," Ewa Banaszkiewicz, Mateusz Dymek  Aneta Piotrowska Mateusz Dymek Cast: Aneta Piotrowska Drama my friend the polish girl"
 Jesse V. Johnson, Scott Adkins,Ashley Greene,English,UK,Action Crime Thriller,accident man, Jesse V. Johnson  Scott Adkins Ashley Greene Action Crime Thriller accident man
 Dom Lenoir, Matt Hookings,Michael McKell,English,UK,Thriller,winter ridge, Dom Lenoir  Matt Hookings Michael McKell Thriller winter ridge
 Timur Bekmambetov, Valene Kane,Shazad Latif,English,UK,Mystery Thriller,profile, Timur Bekmambetov  Valene Kane Shazad Latif Mystery Thriller profile
 Axel Petersén and Måns Månsson, Léonore Ekstrand,Christer Levin,English,UK,Drama Thriller TV Movie,the real estate, Axel Petersén and Måns Månsson  Léonore Ekstrand Christer Levin Drama Thriller TV Movie the real estate
 José Padilha, Rosamund Pike,Daniel Brühl,English,UK,,entebbe (a.k.a. 7 days in entebbe),
 Alex Garland, Natalie Portman,Jennifer Jason Leigh,English,UK,Science Fiction Horror,annihilation, Alex Garland  Natalie Portman Jennifer Jason Leigh Science Fiction Horror annihilation
 Duncan Jones, Alexander Skarsgård,Paul Rudd,English,UK,Science Fiction Mystery Thriller,mute, Duncan Jones  Alexander Skarsgård Paul Rudd Science Fiction Mystery Thriller mute
 Karen Gillan, Karen Gillan,Lee Pace,English,UK,Drama Comedy,the party's just beginning, Karen Gillan  Karen Gillan Lee Pace Drama Comedy the party's just beginning
 Garth Davis, Rooney Mara,Joaquin Phoenix,English,UK,Drama History,mary magdalene, Garth Davis  Rooney Mara Joaquin Phoenix Drama History mary magdalene
 Andrés Couturier, Toby Kebbell,Lily Collins,English,UK,,a wizard's tale (a.k.a. here comes the grump),
 Roar Uthaug, Alicia Vikander,Dominic West,English,UK,Action Adventure Fantasy,tomb raider, Roar Uthaug  Alicia Vikander Dominic West Action Adventure Fantasy tomb raider
unknown, Felipe Bustos Sierra,unknown,English,UK,Documentary,nae pasaran,unknown  Felipe Bustos Sierra unknown Documentary nae pasaran
" Scott Elliott, Sid Sadowskyj", Tom Blyth,Sid Sadowskyj Cast: Tom Blyth,English,UK,Drama,scott and sid," Scott Elliott, Sid Sadowskyj  Tom Blyth Sid Sadowskyj Cast: Tom Blyth Drama scott and sid"
 Dan Cadan, Stephen Graham,Jason Flemyng,English,UK,Comedy,walk like a panther, Dan Cadan  Stephen Graham Jason Flemyng Comedy walk like a panther
 John Stevenson, James McAvoy,Emily Blunt,English,UK,Animation Family Fantasy Comedy Adventure Mystery,sherlock gnomes, John Stevenson  James McAvoy Emily Blunt Animation Family Fantasy Comedy Adventure Mystery sherlock gnomes
 Steve McLean, Harris Dickinson,Ben Cura,English,UK,Drama,postcards from london, Steve McLean  Harris Dickinson Ben Cura Drama postcards from london
 Paul Raschid, Shauna Macdonald,Oded Fehr,English,UK,Science Fiction,white chamber, Paul Raschid  Shauna Macdonald Oded Fehr Science Fiction white chamber
 Jack Spring, David J. Keogh,Matt Sheahan,English,UK,Comedy,destination: dewsbury, Jack Spring  David J. Keogh Matt Sheahan Comedy destination: dewsbury
 Mike Newell, Lily James,Michiel Huisman,English,UK,Romance Drama History,the guernsey literary and potato peel pie society, Mike Newell  Lily James Michiel Huisman Romance Drama History the guernsey literary and potato peel pie society
 Suzi Ewing, Kelly Reilly,Luke Evans,English,UK,Music,10x10, Suzi Ewing  Kelly Reilly Luke Evans Music 10x10
unknown, Zara Balfour,Marcus Stephenson,English,UK,Documentary,children of the snow land,unknown  Zara Balfour Marcus Stephenson Documentary children of the snow land
 Andy Tohill and Ryan Tohill, Moe Dunford,Francis Magee,English,UK,Drama History,the dig, Andy Tohill and Ryan Tohill  Moe Dunford Francis Magee Drama History the dig
unknown, Ian Bonhôte and Peter Ettedgui,unknown,English,UK,Documentary,mcqueen,unknown  Ian Bonhôte and Peter Ettedgui unknown Documentary mcqueen
" Layke Anderson, Natalia Casali, Nick Cohen, Mitchell Crawford, Andreas Heger-Bratterud, Ben Jacobson, Rosanna Lowe, Gaelle Mourre, Kaki Wong", Juliet Stevenson,Natalia Casali,English,UK,Drama,london unplugged," Layke Anderson, Natalia Casali, Nick Cohen, Mitchell Crawford, Andreas Heger-Bratterud, Ben Jacobson, Rosanna Lowe, Gaelle Mourre, Kaki Wong  Juliet Stevenson Natalia Casali Drama london unplugged"
 Roger Michell, Eileen Atkins,Judi Dench,English,UK,,nothing like a dame (a.k.a. tea with the dames),
 Andrew Niccol, Clive Owen,Amanda Seyfried,English,UK,Science Fiction,anon, Andrew Niccol  Clive Owen Amanda Seyfried Science Fiction anon
 James Oakley, Uma Thurman,Tim Roth,English,UK,Comedy,the con is on, James Oakley  Uma Thurman Tim Roth Comedy the con is on
 Paweł Pawlikowski, Tomasz Kot,Joanna Kulig,English,UK,Comedy Romance,cold war, Paweł Pawlikowski  Tomasz Kot Joanna Kulig Comedy Romance cold war
 Piotr Szkopiak, Alex Pettyfer,Robert Więckiewicz,English,UK,History Thriller,the last witness, Piotr Szkopiak  Alex Pettyfer Robert Więckiewicz History Thriller the last witness
 Vaughn Stein, Margot Robbie,Simon Pegg,English,UK,Comedy Drama,terminal, Vaughn Stein  Margot Robbie Simon Pegg Comedy Drama terminal
unknown, Kevin Macdonald,unknown,English,UK,Music Documentary,whitney,unknown  Kevin Macdonald unknown Music Documentary whitney
 Terry Gilliam, Adam Driver,Jonathan Pryce,English,UK,Adventure Comedy Drama Fantasy,the man who killed don quixote, Terry Gilliam  Adam Driver Jonathan Pryce Adventure Comedy Drama Fantasy the man who killed don quixote
 Anthony Byrne, Amrita Acharia,Jack Ashton,English,UK,Thriller,welcome to curiosity, Anthony Byrne  Amrita Acharia Jack Ashton Thriller welcome to curiosity
 Anthony Byrne, Natalie Dormer,Emily Ratajkowski,English,UK,Thriller Mystery,in darkness, Anthony Byrne  Natalie Dormer Emily Ratajkowski Thriller Mystery in darkness
 Oliver Parker, Rob Brydon,Jane Horrocks,English,UK,Comedy Drama,swimming with men, Oliver Parker  Rob Brydon Jane Horrocks Comedy Drama swimming with men
 Drew Pearce, Jodie Foster,Sterling K. Brown,English,UK,Thriller Science Fiction Action,hotel artemis, Drew Pearce  Jodie Foster Sterling K. Brown Thriller Science Fiction Action hotel artemis
 Mike Mort, Mike Mort,Jennifer Saunders,English,UK,Animation Action Comedy Horror,chuck steel: night of the trampires, Mike Mort  Mike Mort Jennifer Saunders Animation Action Comedy Horror chuck steel: night of the trampires
 Jason Wingard, Antonio Aakeel,Jack Carroll,English,UK,Comedy Drama,eaten by lions, Jason Wingard  Antonio Aakeel Jack Carroll Comedy Drama eaten by lions
 Matt Palmer, Jack Lowden,Martin McCann,English,UK,Horror Thriller,calibre, Matt Palmer  Jack Lowden Martin McCann Horror Thriller calibre
unknown, David Wilkinson,unknown,English,UK,Documentary,postcards from the 48%,unknown  David Wilkinson unknown Documentary postcards from the 48%
 Matthew Holness, Sean Harris,Alun Armstrong,English,UK,Drama Horror Thriller,possum, Matthew Holness  Sean Harris Alun Armstrong Drama Horror Thriller possum
 Tom Edmunds, Tom Wilkinson,Aneurin Barnard,English,UK,Comedy Action Drama,dead in a week or your money back, Tom Edmunds  Tom Wilkinson Aneurin Barnard Comedy Action Drama dead in a week or your money back
 Mandie Fletcher, Beattie Edmondson,Ed Skrein,English,UK,Family Comedy,patrick, Mandie Fletcher  Beattie Edmondson Ed Skrein Family Comedy patrick
 Jamie Adams, Cobie Smulders,Richard Elis,English,UK,,alright now (a.k.a. songbird),
unknown,Christine Baranski,Pierce Brosnan,English,UK,Comedy Romance,mamma mia! here we go again,unknown Christine Baranski Pierce Brosnan Comedy Romance mamma mia! here we go again
 Richard Billingham, Michelle Bonnard,Deirdre Kelly,English,UK,Drama,ray & liz, Richard Billingham  Michelle Bonnard Deirdre Kelly Drama ray & liz
 David Blair, Iwan Rheon,Milo Gibson,English,UK,,hurricane (a.k.a. mission of honor),
 Iain Morris, Joe Thomas,Hammed Animashaun,English,UK,Comedy Music,the festival, Iain Morris  Joe Thomas Hammed Animashaun Comedy Music the festival
 Stefan Ruzowitzky, Matt Smith,Natalie Dormer,English,UK,Horror Thriller Action Drama,patient zero, Stefan Ruzowitzky  Matt Smith Natalie Dormer Horror Thriller Action Drama patient zero
 Hadi Hajaig, Sam Rockwell,Ben Schwartz,English,UK,Thriller Romance Comedy Action,blue iguana, Hadi Hajaig  Sam Rockwell Ben Schwartz Thriller Romance Comedy Action blue iguana
 Paul Hyett, Michael Ironside,Rosie Day,English,UK,,the convent (a.k.a. heretiks),
 Julien Landais, Jonathan Rhys-Meyers,Joely Richardson,English,UK,Drama,the aspern papers, Julien Landais  Jonathan Rhys-Meyers Joely Richardson Drama the aspern papers
 Yorgos Lanthimos, Olivia Colman,Rachel Weisz,English,UK,History Drama Comedy,the favourite, Yorgos Lanthimos  Olivia Colman Rachel Weisz History Drama Comedy the favourite
 Lenny Abrahamson, Domhnall Gleeson,Ruth Wilson,English,UK,Mystery Drama Horror History,the little stranger, Lenny Abrahamson  Domhnall Gleeson Ruth Wilson Mystery Drama Horror History the little stranger
 Ralph Fiennes, Oleg Ivanko,Adèle Exarchopoulos,English,UK,Drama,the white crow, Ralph Fiennes  Oleg Ivanko Adèle Exarchopoulos Drama the white crow
 Mike Leigh, David Bamber,Alastair Mackenzie,English,UK,History Drama,peterloo, Mike Leigh  David Bamber Alastair Mackenzie History Drama peterloo
unknown, Errol Morris,unknown,English,UK,Documentary,american dharma,unknown  Errol Morris unknown Documentary american dharma
 Julian Schnabel, Willem Dafoe,Rupert Friend,English,UK,Drama,at eternity's gate, Julian Schnabel  Willem Dafoe Rupert Friend Drama at eternity's gate
unknown, Alex Holmes,unknown,English,UK,Comedy Crime,maiden,unknown  Alex Holmes unknown Comedy Crime maiden
 David Mackenzie, Chris Pine,Aaron Taylor-Johnson,English,UK,Action History Drama War,outlaw king, David Mackenzie  Chris Pine Aaron Taylor-Johnson Action History Drama War outlaw king
 Scott Mann, Dave Bautista,Pierce Brosnan,English,UK,Action,final score, Scott Mann  Dave Bautista Pierce Brosnan Action final score
 William McGregor, Eleanor Worthington Cox,Maxine Peake,English,UK,Drama Mystery Horror History,gwen, William McGregor  Eleanor Worthington Cox Maxine Peake Drama Mystery Horror History gwen
 Carol Morley, Patricia Clarkson,Toby Jones,English,UK,Drama Crime Mystery,out of blue, Carol Morley  Patricia Clarkson Toby Jones Drama Crime Mystery out of blue
 Trevor Nunn, Judi Dench,Sophie Cookson,English,UK,Thriller History,red joan, Trevor Nunn  Judi Dench Sophie Cookson Thriller History red joan
 Chee Keong Cheung, Katarina Waters,Mark Strange,English,UK,Action Horror Science Fiction,redcon-1, Chee Keong Cheung  Katarina Waters Mark Strange Action Horror Science Fiction redcon-1
 Max Minghella, Elle Fanning,Rebecca Hall,English,UK,Music Drama,teen spirit, Max Minghella  Elle Fanning Rebecca Hall Music Drama teen spirit
 Nick Hamm, Lee Pace,Judy Greer,English,UK,Action,driven, Nick Hamm  Lee Pace Judy Greer Action driven
 Adewale Akinnuoye-Agbaje, Damson Idris,Kate Beckinsale,English,UK,Drama,farming, Adewale Akinnuoye-Agbaje  Damson Idris Kate Beckinsale Drama farming
unknown, Naziha Arebi,unknown,English,UK,Documentary,freedom fields,unknown  Naziha Arebi unknown Documentary freedom fields
 Michael Winterbottom, Dev Patel,Radhika Apte,English,UK,Thriller,the wedding guest, Michael Winterbottom  Dev Patel Radhika Apte Thriller the wedding guest
 Steve McQueen, Viola Davis,Cynthia Erivo,English,UK,Crime Thriller,widows, Steve McQueen  Viola Davis Cynthia Erivo Crime Thriller widows
 Jake Scott, Sienna Miller,Christina Hendricks,English,UK,Drama,american woman, Jake Scott  Sienna Miller Christina Hendricks Drama american woman
 Claire Denis, Robert Pattinson,Mia Goth,English,UK,Science Fiction Drama Mystery Thriller,high life, Claire Denis  Robert Pattinson Mia Goth Science Fiction Drama Mystery Thriller high life
 Annabel Jankel, Anna Paquin,Holliday Grainger,English,UK,Romance Drama,tell it to the bees, Annabel Jankel  Anna Paquin Holliday Grainger Romance Drama tell it to the bees
 Amma Asante, Amandla Stenberg,George MacKay,English,UK,War Drama Romance,where hands touch, Amma Asante  Amandla Stenberg George MacKay War Drama Romance where hands touch
 Xavier Dolan, Kit Harington,Natalie Portman,English,UK,Drama,the death & life of john f. donovan, Xavier Dolan  Kit Harington Natalie Portman Drama the death & life of john f. donovan
 Justin Kelly, Laura Dern,Kristen Stewart,English,UK,Drama History,jt leroy, Justin Kelly  Laura Dern Kristen Stewart Drama History jt leroy
 Chanya Button, Gemma Arterton,Elizabeth Debicki,English,UK,Drama Romance,vita and virginia, Chanya Button  Gemma Arterton Elizabeth Debicki Drama Romance vita and virginia
 Peter Strickland, Marianne Jean-Baptiste,Hayley Squires,English,UK,Horror Fantasy Comedy,in fabric, Peter Strickland  Marianne Jean-Baptiste Hayley Squires Horror Fantasy Comedy in fabric
 David Kerr, Rowan Atkinson,Olga Kurylenko,English,UK,Action Adventure Comedy,johnny english strikes again, David Kerr  Rowan Atkinson Olga Kurylenko Action Adventure Comedy johnny english strikes again
 James Marsh, Michael Caine,Charlie Cox,English,UK,Adventure Animation Family,king of thieves, James Marsh  Michael Caine Charlie Cox Adventure Animation Family king of thieves
 Mathew Cullen, Billy Bob Thornton,Amber Heard,English,UK,Crime Thriller,london fields, Mathew Cullen  Billy Bob Thornton Amber Heard Crime Thriller london fields
 Gareth Evans, Dan Stevens,Lucy Boynton,English,UK,Drama History,apostle, Gareth Evans  Dan Stevens Lucy Boynton Drama History apostle
" Joe Pearlman, David Soutar", Matt Goss,David Soutar Cast: Matt Goss,English,UK,Documentary Music,bros: after the screaming stops," Joe Pearlman, David Soutar  Matt Goss David Soutar Cast: Matt Goss Documentary Music bros: after the screaming stops"
 Marcus H. Rosenmüller, David Kross,Freya Mavor,English,UK,Action Thriller,the keeper, Marcus H. Rosenmüller  David Kross Freya Mavor Action Thriller the keeper
 Olaf de Fleur Johannesson, Florence Pugh,Celia Imrie,English,UK,Horror,malevolent, Olaf de Fleur Johannesson  Florence Pugh Celia Imrie Horror malevolent
 Chris Green, Elaine Cassidy,Michelle Keegan,English,UK,Comedy Crime,strangeways here we come, Chris Green  Elaine Cassidy Michelle Keegan Comedy Crime strangeways here we come
unknown,,unknown,English,UK,Drama,evelyn,unknown  unknown Drama evelyn
 Ben Wheatley, Neil Maskell,Joe Cole,English,UK,Comedy Drama,"happy new year, colin burstead"," Ben Wheatley  Neil Maskell Joe Cole Comedy Drama happy new year, colin burstead"
 Kristoffer Nyholm, Gerard Butler,Peter Mullan,English,UK,,keepers (a.k.a. the vanishing),
 Tinge Krishnan, Michaela Coel,Arinzé Kene,English,UK,Drama Music Romance,been so long, Tinge Krishnan  Michaela Coel Arinzé Kene Drama Music Romance been so long
 Carl Hunter, Bill Nighy,Sam Riley,English,UK,Drama Comedy,sometimes always never, Carl Hunter  Bill Nighy Sam Riley Drama Comedy sometimes always never
 Barnaby Southcombe, Jessica Barden,Jordan Bolger,English,UK,Romance Drama,scarborough, Barnaby Southcombe  Jessica Barden Jordan Bolger Romance Drama scarborough
unknown, Peter Jackson,unknown,English,UK,Documentary History War,they shall not grow old,unknown  Peter Jackson unknown Documentary History War they shall not grow old
 Jessica Hynes, Jessica Hynes,Russell Brand,English,UK,Documentary,the fight, Jessica Hynes  Jessica Hynes Russell Brand Documentary the fight
 Simon Amstell, Colin Morgan,Anna Chancellor,English,UK,Drama Fantasy Romance,benjamin, Simon Amstell  Colin Morgan Anna Chancellor Drama Fantasy Romance benjamin
 Harry Wootliff, Laia Costa,Josh O'Connor,English,UK,Romance Comedy,only you, Harry Wootliff  Laia Costa Josh O'Connor Romance Comedy only you
 Martha Pinson, Sebastian Street,Stuart Brennan,English,UK,Action Science Fiction Adventure,tomorrow, Martha Pinson  Sebastian Street Stuart Brennan Action Science Fiction Adventure tomorrow
 Jon S. Baird, Steve Coogan,John C. Reilly,English,UK,Comedy Drama,stan & ollie, Jon S. Baird  Steve Coogan John C. Reilly Comedy Drama stan & ollie
" Bryan Singer, Dexter Fletcher", Rami Malek,Dexter Fletcher Cast: Rami Malek,English,UK,Music Drama History,bohemian rhapsody," Bryan Singer, Dexter Fletcher  Rami Malek Dexter Fletcher Cast: Rami Malek Music Drama History bohemian rhapsody"
 Fede Álvarez, Claire Foy,Sverrir Gudnason,English,UK,Action Crime Thriller Drama,the girl in the spider's web, Fede Álvarez  Claire Foy Sverrir Gudnason Action Crime Thriller Drama the girl in the spider's web
 Crispian Mills, Simon Pegg,Asa Butterfield,English,UK,Action Comedy Fantasy Horror,slaughterhouse rulez, Crispian Mills  Simon Pegg Asa Butterfield Action Comedy Fantasy Horror slaughterhouse rulez
 Erwan Marinopoulos, Eugene Simon,Simone Ashley,English,UK,Comedy Crime Thriller,kill ben lyk, Erwan Marinopoulos  Eugene Simon Simone Ashley Comedy Crime Thriller kill ben lyk
 David Yates, Eddie Redmayne,Katherine Waterston,English,UK,Adventure Fantasy Drama,fantastic beasts: the crimes of grindelwald, David Yates  Eddie Redmayne Katherine Waterston Adventure Fantasy Drama fantastic beasts: the crimes of grindelwald
unknown, Mat Whitecross,unknown,English,UK,Documentary Music,coldplay: a head full of dreams,unknown  Mat Whitecross unknown Documentary Music coldplay: a head full of dreams
 Bill Buckhurst, Tom Varey,Esme Creed-Miles,English,UK,Drama,pond life, Bill Buckhurst  Tom Varey Esme Creed-Miles Drama pond life
 Josie Rourke, Saoirse Ronan,Margot Robbie,English,UK,Drama History,mary queen of scots, Josie Rourke  Saoirse Ronan Margot Robbie Drama History mary queen of scots
 Debbie Isitt, Simon Lipkin,Celia Imrie,English,UK,Family Comedy,nativity rocks!, Debbie Isitt  Simon Lipkin Celia Imrie Family Comedy nativity rocks!
 Andy Serkis, Rohan Chand,Matthew Rhys,English,UK,Adventure Drama,mowgli: legend of the jungle, Andy Serkis  Rohan Chand Matthew Rhys Adventure Drama mowgli: legend of the jungle
 Kenneth Branagh, Kenneth Branagh,Judi Dench,English,UK,Drama History,all is true, Kenneth Branagh  Kenneth Branagh Judi Dench Drama History all is true
 Brenda Chapman, Angelina Jolie,David Oyelowo,English,UK,Fantasy Adventure,come away, Brenda Chapman  Angelina Jolie David Oyelowo Fantasy Adventure come away
 Euros Lyn, Toni Collette,Damian Lewis,English,UK,Comedy Drama,dream horse, Euros Lyn  Toni Collette Damian Lewis Comedy Drama dream horse
 Phyllida Lloyd, Clare Dunne,Harriet Walter,English,UK,Drama,herself, Phyllida Lloyd  Clare Dunne Harriet Walter Drama herself
 Dominic Cooke, Benedict Cumberbatch,Jessie Buckley,English,UK,Thriller History Drama,the courier, Dominic Cooke  Benedict Cumberbatch Jessie Buckley Thriller History Drama the courier
 David Bruckner, Rebecca Hall,Sarah Goldberg,English,UK,Horror Thriller Mystery,the night house, David Bruckner  Rebecca Hall Sarah Goldberg Horror Thriller Mystery the night house
 Eliza Hittman, Sidney Flanigan,Talia Ryder,English,UK,Drama,"never, rarely, sometimes, always"," Eliza Hittman  Sidney Flanigan Talia Ryder Drama never, rarely, sometimes, always"
 Brandon Cronenberg, Andrea Riseborough,Christopher Abbott,English,UK,Horror Thriller Science Fiction Mystery,possessor, Brandon Cronenberg  Andrea Riseborough Christopher Abbott Horror Thriller Science Fiction Mystery possessor
 Romola Garai, Carla Juri,Imelda Staunton,English,UK,Horror,amulet, Romola Garai  Carla Juri Imelda Staunton Horror amulet
 Sean Durkin, Jude Law,Carrie Coon,English,UK,Drama Romance,the nest, Sean Durkin  Jude Law Carrie Coon Drama Romance the nest
 Aneil Karia, Ben Whishaw,Ellie Haddington,English,UK,Drama Thriller,surge, Aneil Karia  Ben Whishaw Ellie Haddington Drama Thriller surge
 Florian Zeller, Anthony Hopkins,Olivia Colman,English,UK,Drama,the father, Florian Zeller  Anthony Hopkins Olivia Colman Drama the father
 Remi Weekes, Wunmi Mosaku,Sope Dirisu,English,UK,Drama Horror Thriller,his house, Remi Weekes  Wunmi Mosaku Sope Dirisu Drama Horror Thriller his house
 Dee Rees, Anne Hathaway,Willem Dafoe,English,UK,Drama Thriller,the last thing he wanted, Dee Rees  Anne Hathaway Willem Dafoe Drama Thriller the last thing he wanted
 Zeina Durra, Andrea Riseborough,Janie Aziz,English,UK,Romance Drama,luxor, Zeina Durra  Andrea Riseborough Janie Aziz Romance Drama luxor
 Viggo Mortensen, Viggo Mortensen,Lance Henriksen,English,UK,Crime Drama Thriller,falling, Viggo Mortensen  Viggo Mortensen Lance Henriksen Crime Drama Thriller falling
 Reed Morano, Blake Lively,Jude Law,English,UK,Action Thriller,the rhythm section, Reed Morano  Blake Lively Jude Law Action Thriller the rhythm section
 Autumn de Wilde, Anya Taylor-Joy,Johnny Flynn,English,UK,Comedy Romance,emma., Autumn de Wilde  Anya Taylor-Joy Johnny Flynn Comedy Romance emma.
 Bassam Tariq, Riz Ahmed,Alyy Khan,English,UK,Drama Music,mogul mowgli, Bassam Tariq  Riz Ahmed Alyy Khan Drama Music mogul mowgli
" Ilya Khrzhanovsky, Jekaterina Oertel", Natalia Berezhnaya,Jekaterina Oertel Cast: Natalia Berezhnaya,English,UK,Drama,dau. natasha," Ilya Khrzhanovsky, Jekaterina Oertel  Natalia Berezhnaya Jekaterina Oertel Cast: Natalia Berezhnaya Drama dau. natasha"
 Sally Potter, Javier Bardem,Elle Fanning,English,UK,Drama,the roads not taken, Sally Potter  Javier Bardem Elle Fanning Drama the roads not taken
 Francis Annan, Daniel Radcliffe,Daniel Webber,English,UK,Drama History Thriller,escape from pretoria, Francis Annan  Daniel Radcliffe Daniel Webber Drama History Thriller escape from pretoria
 Jonathan Jakubowicz, Jesse Eisenberg,Ed Harris,English,UK,War History Drama,resistance, Jonathan Jakubowicz  Jesse Eisenberg Ed Harris War History Drama resistance
 Philippa Lowthorpe, Keira Knightley,Gugu Mbatha-Raw,English,UK,Drama History Comedy,misbehaviour, Philippa Lowthorpe  Keira Knightley Gugu Mbatha-Raw Drama History Comedy misbehaviour
 Andy De Emmony, Paula Patton,Matthew Goode,English,UK,Family Fantasy,four kids and it, Andy De Emmony  Paula Patton Matthew Goode Family Fantasy four kids and it
 Dean Craig, Olivia Munn,Sam Claflin,English,UK,Comedy Romance,love wedding repeat, Dean Craig  Olivia Munn Sam Claflin Comedy Romance love wedding repeat
 Michael Winterbottom, Rob Brydon,Steve Coogan,English,UK,Comedy Drama,the trip to greece, Michael Winterbottom  Rob Brydon Steve Coogan Comedy Drama the trip to greece
 Paul Morrison, Alison Steadman,Dave Johns,English,UK,Drama Romance,23 walks, Paul Morrison  Alison Steadman Dave Johns Drama Romance 23 walks
 Rob Savage, Haley Bishop,Jemma Moore,English,UK,Horror Thriller Mystery,host, Rob Savage  Haley Bishop Jemma Moore Horror Thriller Mystery host
 Jessica Swale, Gemma Arterton,Gugu Mbatha-Raw,English,UK,Drama War Romance,summerland, Jessica Swale  Gemma Arterton Gugu Mbatha-Raw Drama War Romance summerland
 Marc Munden, Colin Firth,Julie Walters,English,UK,Family Fantasy Drama,the secret garden, Marc Munden  Colin Firth Julie Walters Family Fantasy Drama the secret garden
 Christopher Nolan, John David Washington,Robert Pattinson,English,UK,Action Thriller Science Fiction,tenet, Christopher Nolan  John David Washington Robert Pattinson Action Thriller Science Fiction tenet
 Julius Berg, Maisie Williams,Sylvester McCoy,English,UK,Thriller Horror,the owners, Julius Berg  Maisie Williams Sylvester McCoy Thriller Horror the owners
 Francis Lee, Kate Winslet,Saoirse Ronan,English,UK,Romance Drama,ammonite, Francis Lee  Kate Winslet Saoirse Ronan Romance Drama ammonite
 Argyris Papadimitropoulos, Sebastian Stan,Denise Gough,English,UK,Science Fiction Thriller Drama Mystery,monday, Argyris Papadimitropoulos  Sebastian Stan Denise Gough Science Fiction Thriller Drama Mystery monday
" Tomm Moore, Ross Stewart", Honor Kneafsey,Ross Stewart Cast: Honor Kneafsey,English,UK,Animation Family Adventure Fantasy,wolfwalkers," Tomm Moore, Ross Stewart  Honor Kneafsey Ross Stewart Cast: Honor Kneafsey Animation Family Adventure Fantasy wolfwalkers"
 Halle Berry, Halle Berry,Shamier Anderson,English,UK,Drama,bruised, Halle Berry  Halle Berry Shamier Anderson Drama bruised
 Ben Sharrock, Sidse Babett Knudsen,Kenneth Collard,English,UK,Drama Comedy,limbo, Ben Sharrock  Sidse Babett Knudsen Kenneth Collard Drama Comedy limbo
 Harry Bradbeer, Millie Bobby Brown,Henry Cavill,English,UK,Mystery Crime Adventure,enola holmes, Harry Bradbeer  Millie Bobby Brown Henry Cavill Mystery Crime Adventure enola holmes
 Andy Goddard, Judi Dench,Eddie Izzard,English,UK,Thriller,six minutes to midnight, Andy Goddard  Judi Dench Eddie Izzard Thriller six minutes to midnight
unknown,unknown,unknown,English,UK,Documentary,david attenborough: a life on our planet,unknown unknown unknown Documentary david attenborough: a life on our planet
 Edward Hall, Dan Stevens,Leslie Mann,English,UK,Comedy Fantasy Romance,blithe spirit, Edward Hall  Dan Stevens Leslie Mann Comedy Fantasy Romance blithe spirit
 Christopher Smith, Jessica Brown Findlay,John Heffernan,English,UK,Horror,the banishing, Christopher Smith  Jessica Brown Findlay John Heffernan Horror the banishing
 Ben Wheatley, Lily James,Armie Hammer,English,UK,Mystery Drama Thriller Romance,rebecca, Ben Wheatley  Lily James Armie Hammer Mystery Drama Thriller Romance rebecca
 Gabriel Range, Johnny Flynn,Jena Malone,English,UK,Adventure Fantasy Romance Family,stardust, Gabriel Range  Johnny Flynn Jena Malone Adventure Fantasy Romance Family stardust
unknown, Lisa Rovner,unknown,English,UK,Documentary Music,sisters with transistors,unknown  Lisa Rovner unknown Documentary Music sisters with transistors
 Barnaby Thompson, Olivia Cooke,Ben Hardy,English,UK,Animation Family,pixie, Barnaby Thompson  Olivia Cooke Ben Hardy Animation Family pixie
 Jacqui Morris, Simon Russell Beale,Carey Mulligan,English,UK,Animation Family Drama Fantasy,a christmas carol, Jacqui Morris  Simon Russell Beale Carey Mulligan Animation Family Drama Fantasy a christmas carol
" Al Campbell, Alice Mathias", Samuel L. Jackson,Alice Mathias Cast: Samuel L. Jackson,English,UK,Comedy,death to 2020," Al Campbell, Alice Mathias  Samuel L. Jackson Alice Mathias Cast: Samuel L. Jackson Comedy death to 2020"
 Doug Liman, Anne Hathaway,Chiwetel Ejiofor,English,UK,Comedy Crime Drama,locked down, Doug Liman  Anne Hathaway Chiwetel Ejiofor Comedy Crime Drama locked down
 Simon Stone, Carey Mulligan,Ralph Fiennes,English,UK,Drama History,the dig, Simon Stone  Carey Mulligan Ralph Fiennes Drama History the dig
 Prano Bailey-Bond, Niamh Algar,Nicholas Burns,English,UK,Horror Mystery,censor, Prano Bailey-Bond  Niamh Algar Nicholas Burns Horror Mystery censor
unknown,Amin Nawabi,Daniel Karimyar,English,UK,Animation Science Fiction,flee,unknown Amin Nawabi Daniel Karimyar Animation Science Fiction flee
 Ben Wheatley, Joel Fry,Reece Shearsmith,English,UK,Horror Science Fiction Thriller,in the earth, Ben Wheatley  Joel Fry Reece Shearsmith Horror Science Fiction Thriller in the earth
 Martin Owen, Rafferty Law,Michael Caine,English,UK,Crime Drama Action,twist, Martin Owen  Rafferty Law Michael Caine Crime Drama Action twist
 Rebecca Hall, Tessa Thompson,Ruth Negga,English,UK,Drama,passing, Rebecca Hall  Tessa Thompson Ruth Negga Drama passing
 Edgar Wright, Ron Mael,Russell Mael,English,UK,Documentary Music,the sparks brothers, Edgar Wright  Ron Mael Russell Mael Documentary Music the sparks brothers
unknown, Sam Hobkinson,unknown,English,UK,Documentary,misha and the wolves,unknown  Sam Hobkinson unknown Documentary misha and the wolves
 Kevin Macdonald, Jodie Foster,Tahar Rahim,English,UK,Drama Thriller,the mauritanian, Kevin Macdonald  Jodie Foster Tahar Rahim Drama Thriller the mauritanian
 John Hay, Hugh Bonneville,Keeley Hawes,English,UK,Drama,to olivia, John Hay  Hugh Bonneville Keeley Hawes Drama to olivia
 Nick Moran, Ewen Bremner,Suki Waterhouse,English,UK,Drama Music,creation stories, Nick Moran  Ewen Bremner Suki Waterhouse Drama Music creation stories
 Nick Moran, Ruth Negga,Jonathan Ross,English,UK,Documentary Music,poly styrene: i am a cliché, Nick Moran  Ruth Negga Jonathan Ross Documentary Music poly styrene: i am a cliché
" Jim Cummings, PJ McCabe", Jim Cummings,PJ McCabe Cast: Jim Cummings,English,UK,Thriller Horror Comedy,the beta test," Jim Cummings, PJ McCabe  Jim Cummings PJ McCabe Cast: Jim Cummings Thriller Horror Comedy the beta test"
 Jason Ferguson, Alex Ferguson,unknown,English,UK,Documentary,sir alex ferguson: never give in, Jason Ferguson  Alex Ferguson unknown Documentary sir alex ferguson: never give in
 Stacey Gregg, Andrea Riseborough,Jonjo O'Neill,English,UK,Drama Mystery Thriller,here before, Stacey Gregg  Andrea Riseborough Jonjo O'Neill Drama Mystery Thriller here before
 Abid Khan, Antonio Aakeel,Quintessa Swindell,English,UK,Drama,granada nights, Abid Khan  Antonio Aakeel Quintessa Swindell Drama granada nights
 Guy Ritchie, Jason Statham,Holt McCallany,English,UK,Action Crime Thriller,wrath of man, Guy Ritchie  Jason Statham Holt McCallany Action Crime Thriller wrath of man
 Michael Haussman, Jonathan Rhys Meyers,Dominic Monaghan,English,UK,Adventure Drama History,edge of the world, Michael Haussman  Jonathan Rhys Meyers Dominic Monaghan Adventure Drama History edge of the world
 Jonathan Butterell, Max Harwood,Sarah Lancashire,English,UK,Drama Comedy,everybody's talking about jamie, Jonathan Butterell  Max Harwood Sarah Lancashire Drama Comedy everybody's talking about jamie
 Gillies MacKinnon, Timothy Spall,Phyllis Logan,English,UK,Drama,the last bus, Gillies MacKinnon  Timothy Spall Phyllis Logan Drama the last bus
 Philip Barantini, Stephen Graham,Vinette Robinson,English,UK,Thriller Drama,boiling point, Philip Barantini  Stephen Graham Vinette Robinson Thriller Drama boiling point
 Joanna Hogg, Honor Swinton Byrne,Tilda Swinton,English,UK,Drama,the souvenir part ii, Joanna Hogg  Honor Swinton Byrne Tilda Swinton Drama the souvenir part ii
unknown, Andrea Arnold,unknown,English,UK,Drama Western,cow,unknown  Andrea Arnold unknown Drama Western cow
 Eva Husson, Odessa Young,Josh O'Connor,English,UK,Drama Romance,mothering sunday, Eva Husson  Odessa Young Josh O'Connor Drama Romance mothering sunday
 Clio Barnard, Adeel Akhtar,Claire Rushbrook,English,UK,Drama Romance,ali & ava, Clio Barnard  Adeel Akhtar Claire Rushbrook Drama Romance ali & ava
 Augustine Frizzell, Felicity Jones,Callum Turner,English,UK,Drama Romance,the last letter from your lover, Augustine Frizzell  Felicity Jones Callum Turner Drama Romance the last letter from your lover
 Paul Andrew Williams, Neil Maskell,David Hayman,English,UK,Drama History,bull, Paul Andrew Williams  Neil Maskell David Hayman Drama History bull
 Jack Clough, Allan Mustafa,Asim Chaudhry,English,UK,Comedy,people just do nothing: big in japan, Jack Clough  Allan Mustafa Asim Chaudhry Comedy people just do nothing: big in japan
 Will Sharpe, Benedict Cumberbatch,Claire Foy,English,UK,Drama History,the electrical life of louis wain, Will Sharpe  Benedict Cumberbatch Claire Foy Drama History the electrical life of louis wain
unknown, Elizabeth Chai Vasarhelyi,unknown,English,UK,Family Animation,the rescue,unknown  Elizabeth Chai Vasarhelyi unknown Family Animation the rescue
 Jane Campion, Benedict Cumberbatch,Kirsten Dunst,English,UK,Drama Western,the power of the dog, Jane Campion  Benedict Cumberbatch Kirsten Dunst Drama Western the power of the dog
 Kenneth Branagh, Caitriona Balfe,Judi Dench,English,UK,Drama,belfast, Kenneth Branagh  Caitriona Balfe Judi Dench Drama belfast
 Joe Wright, Peter Dinklage,Haley Bennett,English,UK,Drama Romance Music,cyrano, Joe Wright  Peter Dinklage Haley Bennett Drama Romance Music cyrano
 Pablo Larraín, Kristen Stewart,Timothy Spall,English,UK,Drama,spencer, Pablo Larraín  Kristen Stewart Timothy Spall Drama spencer
 Kay Cannon, Camila Cabello,Idina Menzel,English,UK,Family Fantasy Animation Romance,cinderella, Kay Cannon  Camila Cabello Idina Menzel Family Fantasy Animation Romance cinderella
 Michael Pearce, Riz Ahmed,Octavia Spencer,English,UK,Adventure Drama,encounter, Michael Pearce  Riz Ahmed Octavia Spencer Adventure Drama encounter
 Edgar Wright, Thomasin McKenzie,Anya Taylor-Joy,English,UK,Thriller Horror Mystery,last night in soho, Edgar Wright  Thomasin McKenzie Anya Taylor-Joy Thriller Horror Mystery last night in soho
 Ridley Scott, Matt Damon,Adam Driver,English,UK,Action Drama History,the last duel, Ridley Scott  Matt Damon Adam Driver Action Drama History the last duel
 Terence Davies, Jack Lowden,Peter Capaldi,English,UK,Drama History War,benediction, Terence Davies  Jack Lowden Peter Capaldi Drama History War benediction
 Rob Savage, Annie Hardy,unknown,English,UK,Thriller Mystery,dashcam, Rob Savage  Annie Hardy unknown Thriller Mystery dashcam
 Camille Griffin, Keira Knightley,Matthew Goode,English,UK,Horror Comedy Drama,silent night, Camille Griffin  Keira Knightley Matthew Goode Horror Comedy Drama silent night
 Cary Joji Fukunaga, Daniel Craig,Rami Malek,English,UK,Adventure Action Thriller,no time to die, Cary Joji Fukunaga  Daniel Craig Rami Malek Adventure Action Thriller no time to die
" Sarah Smith, Jean-Philippe Vine", Zach Galifianakis,Jean-Philippe Vine Cast: Zach Galifianakis,English,UK,Animation Science Fiction Family Comedy,ron's gone wrong," Sarah Smith, Jean-Philippe Vine  Zach Galifianakis Jean-Philippe Vine Cast: Zach Galifianakis Animation Science Fiction Family Comedy ron's gone wrong"
 Christian Schwochow, Jeremy Irons,George MacKay,English,UK,Drama History,munich – the edge of war, Christian Schwochow  Jeremy Irons George MacKay Drama History munich – the edge of war
 Russell Owen, Tom Hughes,Kate Dickie,English,UK,Drama Thriller History,shepherd, Russell Owen  Tom Hughes Kate Dickie Drama Thriller History shepherd
 Ben Lewin, Danielle Macdonald,Hugh Skinner,English,UK,Romance Comedy Music,falling for figaro, Ben Lewin  Danielle Macdonald Hugh Skinner Romance Comedy Music falling for figaro
" Philippe Martinez, Mick Davis", Elizabeth Hurley,Mick Davis Cast: Elizabeth Hurley,English,UK,Comedy Family,father christmas is back," Philippe Martinez, Mick Davis  Elizabeth Hurley Mick Davis Cast: Elizabeth Hurley Comedy Family father christmas is back"
 Johannes Roberts, Kaya Scodelario,Hannah John-Kamen,English,UK,Horror Action Science Fiction,resident evil: welcome to raccoon city, Johannes Roberts  Kaya Scodelario Hannah John-Kamen Horror Action Science Fiction resident evil: welcome to raccoon city
 Nora Fingscheidt, Sandra Bullock,Vincent D'Onofrio,English,UK,Drama Crime,the unforgivable, Nora Fingscheidt  Sandra Bullock Vincent D'Onofrio Drama Crime the unforgivable
 Gil Kenan, Henry Lawfull,Jim Broadbent,English,UK,Family Adventure Fantasy,a boy called christmas, Gil Kenan  Henry Lawfull Jim Broadbent Family Adventure Fantasy a boy called christmas
 Matthew Vaughn, Ralph Fiennes,Harris Dickinson,English,UK,Action Adventure Thriller War,the king's man, Matthew Vaughn  Ralph Fiennes Harris Dickinson Action Adventure Thriller War the king's man
